Thoi_Gian_Quet,Tuyen_Duong,Chieu_Dai_Tong_Met,Chieu_Dai_Doan_Ket_Xe_Met,Tgian_Ly_Tuong_Giay,Tgian_Lich_Su_Giay,Tgian_Su_Co_Realtime_Giay,Tgian_Di_Thuc_Te_Giay,Do_Tre_Tong_Giay,So_Diem_Ket_Xe,Thoi_Gian_Xuat_Phat,Thoi_Gian_Den_Noi
2026-05-17 18:07:11,Trung_Tam_Q1_di_Q7,7956,0,978,978,951,951,0,0,2026-05-18T01:07:12+07:00,2026-05-18T01:23:03+07:00
2026-05-17 18:07:13,San_Bay_Tân_Sơn_Nhất_di_Q1,7293,0,1088,1088,1088,1088,0,0,2026-05-18T01:07:14+07:00,2026-05-18T01:25:22+07:00
2026-05-17 18:07:15,Cầu_Sài_Gòn_di_Ngã_Tư_Hàng_Xanh,5553,0,576,576,576,576,0,0,2026-05-18T01:07:15+07:00,2026-05-18T01:16:51+07:00
2026-05-17 18:07:16,Vo_Van_Kiet_Q1,5812,0,749,749,749,749,0,0,2026-05-18T01:07:17+07:00,2026-05-18T01:19:46+07:00
2026-05-17 18:07:18,Tran_Hung_Dao_Q1,2394,0,374,374,374,374,0,0,2026-05-18T01:07:19+07:00,2026-05-18T01:13:33+07:00
2026-05-17 18:07:20,Ton_Duc_Thang_Q1,2461,0,345,345,345,345,0,0,2026-05-18T01:07:20+07:00,2026-05-18T01:13:05+07:00
2026-05-17 18:07:22,Nguyen_Thi_Minh_Khai_Q1,5695,0,960,960,960,960,0,0,2026-05-18T01:07:22+07:00,2026-05-18T01:23:22+07:00
2026-05-17 18:07:23,Dien_Bien_Phu_Q1,1283,0,200,200,200,200,0,0,2026-05-18T01:07:24+07:00,2026-05-18T01:10:44+07:00
2026-05-17 18:07:25,Vo_Thi_Sau_Q1,1413,0,263,263,263,263,0,0,2026-05-18T01:07:26+07:00,2026-05-18T01:11:49+07:00
2026-05-17 18:07:27,Nam_Ky_Khoi_Nghia_Q1,3887,0,801,801,801,801,0,0,2026-05-18T01:07:27+07:00,2026-05-18T01:20:48+07:00
2026-05-17 18:07:29,Nguyen_Hue_Q1,714,0,141,141,141,141,0,0,2026-05-18T01:07:29+07:00,2026-05-18T01:09:50+07:00
2026-05-17 18:07:30,Le_Loi_Q1,1374,0,326,326,326,326,0,0,2026-05-18T01:07:31+07:00,2026-05-18T01:12:57+07:00
2026-05-17 18:07:32,Le_Duan_Q1,1523,0,364,364,364,364,0,0,2026-05-18T01:07:32+07:00,2026-05-18T01:13:36+07:00
2026-05-17 18:07:34,Hai_Ba_Trung_Q1,3541,0,603,603,603,603,0,0,2026-05-18T01:07:34+07:00,2026-05-18T01:17:37+07:00
2026-05-17 18:07:36,Pasteur_Q1,3251,0,688,688,688,688,0,0,2026-05-18T01:07:36+07:00,2026-05-18T01:19:04+07:00
2026-05-17 18:07:37,Nguyen_Thai_Hoc_Q1,2848,0,588,588,588,588,0,0,2026-05-18T01:07:38+07:00,2026-05-18T01:17:26+07:00
2026-05-17 18:07:39,Nguyen_Dinh_Chieu_Q1,4172,0,762,762,762,762,0,0,2026-05-18T01:07:39+07:00,2026-05-18T01:20:21+07:00
2026-05-17 18:07:41,Ly_Tu_Trong_Q1,2987,0,516,516,516,516,0,0,2026-05-18T01:07:41+07:00,2026-05-18T01:16:17+07:00
2026-05-17 18:07:42,Le_Thanh_Ton_Q1,5239,0,669,669,669,669,0,0,2026-05-18T01:07:43+07:00,2026-05-18T01:18:52+07:00
2026-05-17 18:07:44,Bui_Thi_Xuan_Q1,822,0,132,132,132,132,0,0,2026-05-18T01:07:45+07:00,2026-05-18T01:09:57+07:00
2026-05-17 18:07:46,Nguyen_Trai_Q1,2030,0,325,325,325,325,0,0,2026-05-18T01:07:46+07:00,2026-05-18T01:13:11+07:00
2026-05-17 18:07:47,Ham_Nghi_Q1,1118,0,187,187,187,187,0,0,2026-05-18T01:07:48+07:00,2026-05-18T01:10:55+07:00
2026-05-17 18:07:49,Dinh_Tien_Hoang_Q1,1446,0,325,325,325,325,0,0,2026-05-18T01:07:50+07:00,2026-05-18T01:13:15+07:00
2026-05-17 18:07:51,Mac_Dinh_Chi_Q1,1306,0,257,257,257,257,0,0,2026-05-18T01:07:51+07:00,2026-05-18T01:12:08+07:00
2026-05-17 18:07:53,Phung_Khac_Khoan_Q1,1937,0,325,325,325,325,0,0,2026-05-18T01:07:53+07:00,2026-05-18T01:13:18+07:00
2026-05-17 18:07:54,Nguyen_Binh_Khiem_Q1,1697,0,297,297,297,297,0,0,2026-05-18T01:07:55+07:00,2026-05-18T01:12:52+07:00
2026-05-17 18:07:56,Cong_Quynh_Q1,976,0,162,162,162,162,0,0,2026-05-18T01:07:56+07:00,2026-05-18T01:10:38+07:00
2026-05-17 18:07:58,Cach_Mang_Thang_Tam_Q1,2424,0,512,514,514,514,0,0,2026-05-18T01:07:58+07:00,2026-05-18T01:16:32+07:00
2026-05-17 18:07:59,Dong_Khoi_Q1,1457,0,300,300,300,300,0,0,2026-05-18T01:08:00+07:00,2026-05-18T01:13:00+07:00
2026-05-17 18:39:08,Trung_Tam_Q1_di_Q7,7956,0,978,978,950,950,0,0,2026-05-18T01:39:08+07:00,2026-05-18T01:54:58+07:00
2026-05-17 18:39:09,San_Bay_Tân_Sơn_Nhất_di_Q1,7293,0,1088,1088,1088,1088,0,0,2026-05-18T01:39:10+07:00,2026-05-18T01:57:18+07:00
2026-05-17 18:39:11,Cầu_Sài_Gòn_di_Ngã_Tư_Hàng_Xanh,5553,0,576,576,576,576,0,0,2026-05-18T01:39:12+07:00,2026-05-18T01:48:48+07:00
2026-05-17 18:39:13,Vo_Van_Kiet_Q1,5812,0,749,749,749,749,0,0,2026-05-18T01:39:13+07:00,2026-05-18T01:51:42+07:00
2026-05-17 18:39:14,Tran_Hung_Dao_Q1,2394,0,374,374,374,374,0,0,2026-05-18T01:39:15+07:00,2026-05-18T01:45:29+07:00
2026-05-17 18:39:16,Ton_Duc_Thang_Q1,2461,0,345,345,345,345,0,0,2026-05-18T01:39:17+07:00,2026-05-18T01:45:02+07:00
2026-05-17 18:39:18,Nguyen_Thi_Minh_Khai_Q1,5695,0,960,960,960,960,0,0,2026-05-18T01:39:18+07:00,2026-05-18T01:55:18+07:00
2026-05-17 18:39:20,Dien_Bien_Phu_Q1,1283,0,200,200,200,200,0,0,2026-05-18T01:39:20+07:00,2026-05-18T01:42:40+07:00
2026-05-17 18:39:21,Vo_Thi_Sau_Q1,1413,0,263,263,263,263,0,0,2026-05-18T01:39:22+07:00,2026-05-18T01:43:45+07:00
2026-05-17 18:39:23,Nam_Ky_Khoi_Nghia_Q1,3887,0,801,801,801,801,0,0,2026-05-18T01:39:24+07:00,2026-05-18T01:52:45+07:00
2026-05-17 18:39:25,Nguyen_Hue_Q1,714,0,141,141,141,141,0,0,2026-05-18T01:39:25+07:00,2026-05-18T01:41:46+07:00
2026-05-17 18:39:27,Le_Loi_Q1,1374,0,326,326,326,326,0,0,2026-05-18T01:39:27+07:00,2026-05-18T01:44:53+07:00
2026-05-17 18:39:28,Le_Duan_Q1,1523,0,364,364,364,364,0,0,2026-05-18T01:39:29+07:00,2026-05-18T01:45:33+07:00
2026-05-17 18:39:30,Hai_Ba_Trung_Q1,3541,0,603,603,603,603,0,0,2026-05-18T01:39:31+07:00,2026-05-18T01:49:34+07:00
2026-05-17 18:39:32,Pasteur_Q1,3251,0,688,688,688,688,0,0,2026-05-18T01:39:32+07:00,2026-05-18T01:51:00+07:00
2026-05-17 18:39:33,Nguyen_Thai_Hoc_Q1,2848,0,588,588,588,588,0,0,2026-05-18T01:39:34+07:00,2026-05-18T01:49:22+07:00
2026-05-17 18:39:35,Nguyen_Dinh_Chieu_Q1,4172,0,762,762,762,762,0,0,2026-05-18T01:39:36+07:00,2026-05-18T01:52:18+07:00
2026-05-17 18:39:37,Ly_Tu_Trong_Q1,2987,0,516,516,516,516,0,0,2026-05-18T01:39:37+07:00,2026-05-18T01:48:13+07:00
2026-05-17 18:39:39,Le_Thanh_Ton_Q1,5239,0,669,669,669,669,0,0,2026-05-18T01:39:39+07:00,2026-05-18T01:50:48+07:00
2026-05-17 18:39:41,Bui_Thi_Xuan_Q1,822,0,132,132,132,132,0,0,2026-05-18T01:39:41+07:00,2026-05-18T01:41:53+07:00
2026-05-17 18:39:42,Nguyen_Trai_Q1,2030,0,325,325,325,325,0,0,2026-05-18T01:39:43+07:00,2026-05-18T01:45:08+07:00
2026-05-17 18:39:44,Ham_Nghi_Q1,1118,0,187,187,187,187,0,0,2026-05-18T01:39:44+07:00,2026-05-18T01:42:51+07:00
2026-05-17 18:39:46,Dinh_Tien_Hoang_Q1,1446,0,325,325,325,325,0,0,2026-05-18T01:39:46+07:00,2026-05-18T01:45:11+07:00
2026-05-17 18:39:47,Mac_Dinh_Chi_Q1,1306,0,257,257,257,257,0,0,2026-05-18T01:39:48+07:00,2026-05-18T01:44:05+07:00
2026-05-17 18:39:49,Phung_Khac_Khoan_Q1,1937,0,325,325,325,325,0,0,2026-05-18T01:39:50+07:00,2026-05-18T01:45:15+07:00
2026-05-17 18:39:51,Nguyen_Binh_Khiem_Q1,1697,0,297,297,297,297,0,0,2026-05-18T01:39:51+07:00,2026-05-18T01:44:48+07:00
2026-05-17 18:39:53,Cong_Quynh_Q1,976,0,162,162,162,162,0,0,2026-05-18T01:39:53+07:00,2026-05-18T01:42:35+07:00
2026-05-17 18:39:54,Cach_Mang_Thang_Tam_Q1,2424,0,512,514,514,514,0,0,2026-05-18T01:39:55+07:00,2026-05-18T01:48:29+07:00
2026-05-17 18:39:56,Dong_Khoi_Q1,1457,0,300,300,300,300,0,0,2026-05-18T01:39:56+07:00,2026-05-18T01:44:56+07:00
2026-05-17 19:02:57,Trung_Tam_Q1_di_Q7,7956,0,978,978,970,970,0,0,2026-05-18T02:02:58+07:00,2026-05-18T02:19:08+07:00
2026-05-17 19:02:59,San_Bay_Tân_Sơn_Nhất_di_Q1,7293,0,1088,1088,1088,1088,0,0,2026-05-18T02:03:00+07:00,2026-05-18T02:21:08+07:00
2026-05-17 19:03:01,Cầu_Sài_Gòn_di_Ngã_Tư_Hàng_Xanh,5553,0,576,576,576,576,0,0,2026-05-18T02:03:01+07:00,2026-05-18T02:12:37+07:00
2026-05-17 19:03:03,Vo_Van_Kiet_Q1,5812,0,749,749,749,749,0,0,2026-05-18T02:03:03+07:00,2026-05-18T02:15:32+07:00
2026-05-17 19:03:05,Tran_Hung_Dao_Q1,2394,0,374,374,374,374,0,0,2026-05-18T02:03:05+07:00,2026-05-18T02:09:19+07:00
2026-05-17 19:03:06,Ton_Duc_Thang_Q1,2461,0,345,345,345,345,0,0,2026-05-18T02:03:07+07:00,2026-05-18T02:08:52+07:00
2026-05-17 19:03:08,Nguyen_Thi_Minh_Khai_Q1,5695,0,960,960,960,960,0,0,2026-05-18T02:03:08+07:00,2026-05-18T02:19:08+07:00
2026-05-17 19:03:10,Dien_Bien_Phu_Q1,1283,0,200,200,200,200,0,0,2026-05-18T02:03:10+07:00,2026-05-18T02:06:30+07:00
2026-05-17 19:03:12,Vo_Thi_Sau_Q1,1413,0,263,263,263,263,0,0,2026-05-18T02:03:12+07:00,2026-05-18T02:07:35+07:00
2026-05-17 19:03:13,Nam_Ky_Khoi_Nghia_Q1,3887,0,801,801,801,801,0,0,2026-05-18T02:03:14+07:00,2026-05-18T02:16:35+07:00
2026-05-17 19:03:15,Nguyen_Hue_Q1,714,0,141,141,141,141,0,0,2026-05-18T02:03:15+07:00,2026-05-18T02:05:36+07:00
2026-05-17 19:03:17,Le_Loi_Q1,1374,0,326,326,326,326,0,0,2026-05-18T02:03:17+07:00,2026-05-18T02:08:43+07:00
2026-05-17 19:03:18,Le_Duan_Q1,1523,0,364,364,364,364,0,0,2026-05-18T02:03:19+07:00,2026-05-18T02:09:23+07:00
2026-05-17 19:03:20,Hai_Ba_Trung_Q1,3541,0,603,603,603,603,0,0,2026-05-18T02:03:21+07:00,2026-05-18T02:13:24+07:00
2026-05-17 19:03:22,Pasteur_Q1,3251,0,688,688,688,688,0,0,2026-05-18T02:03:22+07:00,2026-05-18T02:14:50+07:00
2026-05-17 19:03:24,Nguyen_Thai_Hoc_Q1,1963,235,376,376,409,409,33,1,2026-05-18T02:03:24+07:00,2026-05-18T02:10:13+07:00
2026-05-17 19:03:25,Nguyen_Dinh_Chieu_Q1,4172,0,762,762,762,762,0,0,2026-05-18T02:03:26+07:00,2026-05-18T02:16:08+07:00
2026-05-17 19:03:27,Ly_Tu_Trong_Q1,2987,0,516,516,516,516,0,0,2026-05-18T02:03:27+07:00,2026-05-18T02:12:03+07:00
2026-05-17 19:03:29,Le_Thanh_Ton_Q1,5239,0,669,669,669,669,0,0,2026-05-18T02:03:29+07:00,2026-05-18T02:14:38+07:00
2026-05-17 19:03:31,Bui_Thi_Xuan_Q1,822,0,132,132,132,132,0,0,2026-05-18T02:03:31+07:00,2026-05-18T02:05:43+07:00
2026-05-17 19:03:32,Nguyen_Trai_Q1,2030,0,325,325,325,325,0,0,2026-05-18T02:03:33+07:00,2026-05-18T02:08:58+07:00
2026-05-17 19:03:34,Ham_Nghi_Q1,1118,0,187,187,187,187,0,0,2026-05-18T02:03:35+07:00,2026-05-18T02:06:42+07:00
2026-05-17 19:03:36,Dinh_Tien_Hoang_Q1,1446,0,325,325,325,325,0,0,2026-05-18T02:03:36+07:00,2026-05-18T02:09:01+07:00
2026-05-17 19:03:38,Mac_Dinh_Chi_Q1,1306,0,257,257,257,257,0,0,2026-05-18T02:03:38+07:00,2026-05-18T02:07:55+07:00
2026-05-17 19:03:40,Phung_Khac_Khoan_Q1,1937,0,325,325,325,325,0,0,2026-05-18T02:03:40+07:00,2026-05-18T02:09:05+07:00
2026-05-17 19:03:41,Nguyen_Binh_Khiem_Q1,1697,0,297,297,297,297,0,0,2026-05-18T02:03:42+07:00,2026-05-18T02:08:39+07:00
2026-05-17 19:03:43,Cong_Quynh_Q1,976,0,162,162,162,162,0,0,2026-05-18T02:03:43+07:00,2026-05-18T02:06:25+07:00
2026-05-17 19:03:45,Cach_Mang_Thang_Tam_Q1,2424,0,512,514,514,514,0,0,2026-05-18T02:03:45+07:00,2026-05-18T02:12:19+07:00
2026-05-17 19:03:46,Dong_Khoi_Q1,1457,0,300,300,300,300,0,0,2026-05-18T02:03:47+07:00,2026-05-18T02:08:47+07:00
2026-05-17 19:07:33,Trung_Tam_Q1_di_Q7,7956,0,978,978,966,966,0,0,2026-05-18T02:07:33+07:00,2026-05-18T02:23:39+07:00
2026-05-17 19:07:34,San_Bay_Tân_Sơn_Nhất_di_Q1,7293,0,1088,1088,1088,1088,0,0,2026-05-18T02:07:35+07:00,2026-05-18T02:25:43+07:00
2026-05-17 19:07:36,Cầu_Sài_Gòn_di_Ngã_Tư_Hàng_Xanh,5553,0,576,576,576,576,0,0,2026-05-18T02:07:36+07:00,2026-05-18T02:17:12+07:00
2026-05-17 19:07:38,Vo_Van_Kiet_Q1,5812,0,749,749,749,749,0,0,2026-05-18T02:07:38+07:00,2026-05-18T02:20:07+07:00
2026-05-17 19:07:39,Tran_Hung_Dao_Q1,2394,0,374,374,374,374,0,0,2026-05-18T02:07:40+07:00,2026-05-18T02:13:54+07:00
2026-05-17 19:07:41,Ton_Duc_Thang_Q1,2461,0,345,345,345,345,0,0,2026-05-18T02:07:41+07:00,2026-05-18T02:13:26+07:00
2026-05-17 19:07:43,Nguyen_Thi_Minh_Khai_Q1,5695,0,960,960,960,960,0,0,2026-05-18T02:07:43+07:00,2026-05-18T02:23:43+07:00
2026-05-17 19:07:44,Dien_Bien_Phu_Q1,1283,0,200,200,200,200,0,0,2026-05-18T02:07:45+07:00,2026-05-18T02:11:05+07:00
2026-05-17 19:07:46,Vo_Thi_Sau_Q1,1413,0,263,263,263,263,0,0,2026-05-18T02:07:46+07:00,2026-05-18T02:12:09+07:00
2026-05-17 19:07:48,Nam_Ky_Khoi_Nghia_Q1,3887,0,801,801,801,801,0,0,2026-05-18T02:07:48+07:00,2026-05-18T02:21:09+07:00
2026-05-17 19:07:49,Nguyen_Hue_Q1,714,0,141,141,141,141,0,0,2026-05-18T02:07:50+07:00,2026-05-18T02:10:11+07:00
2026-05-17 19:07:51,Le_Loi_Q1,1374,0,326,326,326,326,0,0,2026-05-18T02:07:51+07:00,2026-05-18T02:13:17+07:00
2026-05-17 19:07:53,Le_Duan_Q1,1523,0,364,364,364,364,0,0,2026-05-18T02:07:53+07:00,2026-05-18T02:13:57+07:00
2026-05-17 19:07:54,Hai_Ba_Trung_Q1,3541,0,603,603,603,603,0,0,2026-05-18T02:07:55+07:00,2026-05-18T02:17:58+07:00
2026-05-17 19:07:56,Pasteur_Q1,3251,0,688,688,688,688,0,0,2026-05-18T02:07:56+07:00,2026-05-18T02:19:24+07:00
2026-05-17 19:07:58,Nguyen_Thai_Hoc_Q1,1963,269,376,376,488,488,113,1,2026-05-18T02:07:58+07:00,2026-05-18T02:16:06+07:00
2026-05-17 19:08:00,Nguyen_Dinh_Chieu_Q1,4172,0,762,762,762,762,0,0,2026-05-18T02:08:00+07:00,2026-05-18T02:20:42+07:00
2026-05-17 19:08:01,Ly_Tu_Trong_Q1,2987,0,516,516,516,516,0,0,2026-05-18T02:08:02+07:00,2026-05-18T02:16:38+07:00
2026-05-17 19:08:03,Le_Thanh_Ton_Q1,5239,0,669,669,669,669,0,0,2026-05-18T02:08:04+07:00,2026-05-18T02:19:13+07:00
2026-05-17 19:08:05,Bui_Thi_Xuan_Q1,822,0,132,132,132,132,0,0,2026-05-18T02:08:05+07:00,2026-05-18T02:10:17+07:00
2026-05-17 19:08:06,Nguyen_Trai_Q1,2030,0,325,325,325,325,0,0,2026-05-18T02:08:07+07:00,2026-05-18T02:13:32+07:00
2026-05-17 19:08:08,Ham_Nghi_Q1,1118,0,187,187,187,187,0,0,2026-05-18T02:08:09+07:00,2026-05-18T02:11:16+07:00
2026-05-17 19:08:10,Dinh_Tien_Hoang_Q1,1446,0,325,325,325,325,0,0,2026-05-18T02:08:10+07:00,2026-05-18T02:13:35+07:00
2026-05-17 19:08:11,Mac_Dinh_Chi_Q1,1306,0,257,257,257,257,0,0,2026-05-18T02:08:12+07:00,2026-05-18T02:12:29+07:00
2026-05-17 19:08:13,Phung_Khac_Khoan_Q1,1937,0,325,325,325,325,0,0,2026-05-18T02:08:14+07:00,2026-05-18T02:13:39+07:00
2026-05-17 19:08:15,Nguyen_Binh_Khiem_Q1,1697,0,297,297,297,297,0,0,2026-05-18T02:08:15+07:00,2026-05-18T02:13:12+07:00
2026-05-17 19:08:17,Cong_Quynh_Q1,976,0,162,162,162,162,0,0,2026-05-18T02:08:17+07:00,2026-05-18T02:10:59+07:00
2026-05-17 19:08:18,Cach_Mang_Thang_Tam_Q1,2424,0,512,514,514,514,0,0,2026-05-18T02:08:19+07:00,2026-05-18T02:16:53+07:00
2026-05-17 19:08:20,Dong_Khoi_Q1,1457,0,300,300,300,300,0,0,2026-05-18T02:08:20+07:00,2026-05-18T02:13:20+07:00
2026-05-17 19:18:32,Trung_Tam_Q1_di_Q7,7956,0,978,978,963,963,0,0,2026-05-18T02:18:32+07:00,2026-05-18T02:34:35+07:00
2026-05-17 19:18:34,San_Bay_Tân_Sơn_Nhất_di_Q1,7293,0,1088,1088,1088,1088,0,0,2026-05-18T02:18:34+07:00,2026-05-18T02:36:42+07:00
2026-05-17 19:18:35,Cầu_Sài_Gòn_di_Ngã_Tư_Hàng_Xanh,5553,0,576,576,576,576,0,0,2026-05-18T02:18:36+07:00,2026-05-18T02:28:12+07:00
2026-05-17 19:18:37,Vo_Van_Kiet_Q1,5812,0,749,749,749,749,0,0,2026-05-18T02:18:37+07:00,2026-05-18T02:31:06+07:00
2026-05-17 19:18:39,Tran_Hung_Dao_Q1,2394,0,374,374,374,374,0,0,2026-05-18T02:18:39+07:00,2026-05-18T02:24:53+07:00
2026-05-17 19:18:40,Ton_Duc_Thang_Q1,2461,0,345,345,345,345,0,0,2026-05-18T02:18:41+07:00,2026-05-18T02:24:26+07:00
2026-05-17 19:18:42,Nguyen_Thi_Minh_Khai_Q1,5695,0,960,960,960,960,0,0,2026-05-18T02:18:42+07:00,2026-05-18T02:34:42+07:00
2026-05-17 19:18:44,Dien_Bien_Phu_Q1,1283,0,200,200,200,200,0,0,2026-05-18T02:18:44+07:00,2026-05-18T02:22:04+07:00
2026-05-17 19:18:45,Vo_Thi_Sau_Q1,1413,0,263,263,263,263,0,0,2026-05-18T02:18:46+07:00,2026-05-18T02:23:09+07:00
2026-05-17 19:18:47,Nam_Ky_Khoi_Nghia_Q1,3887,0,801,801,801,801,0,0,2026-05-18T02:18:47+07:00,2026-05-18T02:32:08+07:00
2026-05-17 19:18:49,Nguyen_Hue_Q1,714,0,141,141,141,141,0,0,2026-05-18T02:18:49+07:00,2026-05-18T02:21:10+07:00
2026-05-17 19:18:50,Le_Loi_Q1,1374,0,326,326,326,326,0,0,2026-05-18T02:18:51+07:00,2026-05-18T02:24:17+07:00
2026-05-17 19:18:52,Le_Duan_Q1,1523,0,364,364,364,364,0,0,2026-05-18T02:18:52+07:00,2026-05-18T02:24:56+07:00
2026-05-17 19:18:54,Hai_Ba_Trung_Q1,3541,0,603,603,603,603,0,0,2026-05-18T02:18:54+07:00,2026-05-18T02:28:57+07:00
2026-05-17 19:18:55,Pasteur_Q1,3251,0,688,688,688,688,0,0,2026-05-18T02:18:56+07:00,2026-05-18T02:30:24+07:00
2026-05-17 19:18:57,Nguyen_Thai_Hoc_Q1,1963,0,376,376,376,376,0,0,2026-05-18T02:18:57+07:00,2026-05-18T02:25:13+07:00
2026-05-17 19:18:59,Nguyen_Dinh_Chieu_Q1,4172,0,762,762,762,762,0,0,2026-05-18T02:18:59+07:00,2026-05-18T02:31:41+07:00
2026-05-17 19:19:00,Ly_Tu_Trong_Q1,2987,0,516,516,516,516,0,0,2026-05-18T02:19:01+07:00,2026-05-18T02:27:37+07:00
2026-05-17 19:19:02,Le_Thanh_Ton_Q1,5239,0,669,669,669,669,0,0,2026-05-18T02:19:03+07:00,2026-05-18T02:30:12+07:00
2026-05-17 19:19:04,Bui_Thi_Xuan_Q1,822,0,132,132,132,132,0,0,2026-05-18T02:19:04+07:00,2026-05-18T02:21:16+07:00
2026-05-17 19:19:05,Nguyen_Trai_Q1,2030,0,325,325,325,325,0,0,2026-05-18T02:19:06+07:00,2026-05-18T02:24:31+07:00
2026-05-17 19:19:07,Ham_Nghi_Q1,1118,0,187,187,187,187,0,0,2026-05-18T02:19:08+07:00,2026-05-18T02:22:15+07:00
2026-05-17 19:19:09,Dinh_Tien_Hoang_Q1,1446,0,325,325,325,325,0,0,2026-05-18T02:19:09+07:00,2026-05-18T02:24:34+07:00
2026-05-17 19:19:10,Mac_Dinh_Chi_Q1,1306,0,257,257,257,257,0,0,2026-05-18T02:19:11+07:00,2026-05-18T02:23:28+07:00
2026-05-17 19:19:12,Phung_Khac_Khoan_Q1,1937,0,325,325,325,325,0,0,2026-05-18T02:19:13+07:00,2026-05-18T02:24:38+07:00
2026-05-17 19:19:14,Nguyen_Binh_Khiem_Q1,1697,0,297,297,297,297,0,0,2026-05-18T02:19:14+07:00,2026-05-18T02:24:11+07:00
2026-05-17 19:19:15,Cong_Quynh_Q1,976,0,162,162,162,162,0,0,2026-05-18T02:19:16+07:00,2026-05-18T02:21:58+07:00
2026-05-17 19:19:17,Cach_Mang_Thang_Tam_Q1,2424,0,512,514,514,514,0,0,2026-05-18T02:19:18+07:00,2026-05-18T02:27:52+07:00
2026-05-17 19:19:19,Dong_Khoi_Q1,1457,0,300,300,300,300,0,0,2026-05-18T02:19:19+07:00,2026-05-18T02:24:19+07:00
2026-05-17 19:22:14,Trung_Tam_Q1_di_Q7,7956,0,978,978,959,959,0,0,2026-05-18T02:22:14+07:00,2026-05-18T02:38:13+07:00
2026-05-17 19:22:15,San_Bay_Tân_Sơn_Nhất_di_Q1,7293,0,1088,1088,1088,1088,0,0,2026-05-18T02:22:16+07:00,2026-05-18T02:40:24+07:00
2026-05-17 19:22:17,Cầu_Sài_Gòn_di_Ngã_Tư_Hàng_Xanh,5553,0,576,576,576,576,0,0,2026-05-18T02:22:18+07:00,2026-05-18T02:31:54+07:00
2026-05-17 19:22:19,Vo_Van_Kiet_Q1,5812,0,749,749,749,749,0,0,2026-05-18T02:22:19+07:00,2026-05-18T02:34:48+07:00
2026-05-17 19:22:20,Tran_Hung_Dao_Q1,2394,0,374,374,374,374,0,0,2026-05-18T02:22:21+07:00,2026-05-18T02:28:35+07:00
2026-05-17 19:22:22,Ton_Duc_Thang_Q1,2461,0,345,345,345,345,0,0,2026-05-18T02:22:22+07:00,2026-05-18T02:28:07+07:00
2026-05-17 19:22:24,Nguyen_Thi_Minh_Khai_Q1,5695,0,960,960,960,960,0,0,2026-05-18T02:22:24+07:00,2026-05-18T02:38:24+07:00
2026-05-17 19:22:25,Dien_Bien_Phu_Q1,1283,0,200,200,200,200,0,0,2026-05-18T02:22:26+07:00,2026-05-18T02:25:46+07:00
2026-05-17 19:22:27,Vo_Thi_Sau_Q1,1413,0,263,263,263,263,0,0,2026-05-18T02:22:28+07:00,2026-05-18T02:26:51+07:00
2026-05-17 19:22:29,Nam_Ky_Khoi_Nghia_Q1,3887,0,801,801,801,801,0,0,2026-05-18T02:22:29+07:00,2026-05-18T02:35:50+07:00
2026-05-17 19:22:30,Nguyen_Hue_Q1,714,0,141,141,141,141,0,0,2026-05-18T02:22:31+07:00,2026-05-18T02:24:52+07:00
2026-05-17 19:22:32,Le_Loi_Q1,1374,0,326,326,326,326,0,0,2026-05-18T02:22:33+07:00,2026-05-18T02:27:59+07:00
2026-05-17 19:22:34,Le_Duan_Q1,1523,0,364,364,364,364,0,0,2026-05-18T02:22:34+07:00,2026-05-18T02:28:38+07:00
2026-05-17 19:22:35,Hai_Ba_Trung_Q1,3541,0,603,603,603,603,0,0,2026-05-18T02:22:36+07:00,2026-05-18T02:32:39+07:00
2026-05-17 19:22:37,Pasteur_Q1,3251,0,688,688,688,688,0,0,2026-05-18T02:22:38+07:00,2026-05-18T02:34:06+07:00
2026-05-17 19:22:39,Nguyen_Thai_Hoc_Q1,1963,204,376,376,434,434,59,1,2026-05-18T02:22:39+07:00,2026-05-18T02:29:53+07:00
2026-05-17 19:22:40,Nguyen_Dinh_Chieu_Q1,4172,0,762,762,762,762,0,0,2026-05-18T02:22:41+07:00,2026-05-18T02:35:23+07:00
2026-05-17 19:22:42,Ly_Tu_Trong_Q1,2987,0,516,516,516,516,0,0,2026-05-18T02:22:43+07:00,2026-05-18T02:31:19+07:00
2026-05-17 19:22:44,Le_Thanh_Ton_Q1,5239,0,669,669,669,669,0,0,2026-05-18T02:22:44+07:00,2026-05-18T02:33:53+07:00
2026-05-17 19:22:46,Bui_Thi_Xuan_Q1,822,0,132,132,132,132,0,0,2026-05-18T02:22:46+07:00,2026-05-18T02:24:58+07:00
2026-05-17 19:22:47,Nguyen_Trai_Q1,2030,0,325,325,325,325,0,0,2026-05-18T02:22:48+07:00,2026-05-18T02:28:13+07:00
2026-05-17 19:22:49,Ham_Nghi_Q1,1118,0,187,187,187,187,0,0,2026-05-18T02:22:49+07:00,2026-05-18T02:25:56+07:00
2026-05-17 19:22:51,Dinh_Tien_Hoang_Q1,1446,0,325,325,325,325,0,0,2026-05-18T02:22:51+07:00,2026-05-18T02:28:16+07:00
2026-05-17 19:22:52,Mac_Dinh_Chi_Q1,1306,0,257,257,257,257,0,0,2026-05-18T02:22:53+07:00,2026-05-18T02:27:10+07:00
2026-05-17 19:22:54,Phung_Khac_Khoan_Q1,1937,0,325,325,325,325,0,0,2026-05-18T02:22:54+07:00,2026-05-18T02:28:19+07:00
2026-05-17 19:22:56,Nguyen_Binh_Khiem_Q1,1697,0,297,297,297,297,0,0,2026-05-18T02:22:56+07:00,2026-05-18T02:27:53+07:00
2026-05-17 19:22:57,Cong_Quynh_Q1,976,0,162,162,162,162,0,0,2026-05-18T02:22:58+07:00,2026-05-18T02:25:40+07:00
2026-05-17 19:22:59,Cach_Mang_Thang_Tam_Q1,2424,0,512,514,514,514,0,0,2026-05-18T02:22:59+07:00,2026-05-18T02:31:33+07:00
2026-05-17 19:23:01,Dong_Khoi_Q1,1457,0,300,300,300,300,0,0,2026-05-18T02:23:01+07:00,2026-05-18T02:28:01+07:00
2026-05-17 19:24:22,Trung_Tam_Q1_di_Q7,7956,0,978,978,953,953,0,0,2026-05-18T02:24:22+07:00,2026-05-18T02:40:15+07:00
2026-05-17 19:24:23,San_Bay_Tân_Sơn_Nhất_di_Q1,7293,0,1088,1088,1088,1088,0,0,2026-05-18T02:24:24+07:00,2026-05-18T02:42:32+07:00
2026-05-17 19:24:25,Cầu_Sài_Gòn_di_Ngã_Tư_Hàng_Xanh,5553,0,576,576,576,576,0,0,2026-05-18T02:24:25+07:00,2026-05-18T02:34:01+07:00
2026-05-17 19:24:26,Vo_Van_Kiet_Q1,5812,0,749,749,749,749,0,0,2026-05-18T02:24:27+07:00,2026-05-18T02:36:56+07:00
2026-05-17 19:24:28,Tran_Hung_Dao_Q1,2394,0,374,374,374,374,0,0,2026-05-18T02:24:29+07:00,2026-05-18T02:30:43+07:00
2026-05-17 19:24:30,Ton_Duc_Thang_Q1,2461,0,345,345,345,345,0,0,2026-05-18T02:24:30+07:00,2026-05-18T02:30:15+07:00
2026-05-17 19:24:32,Nguyen_Thi_Minh_Khai_Q1,5695,0,960,960,960,960,0,0,2026-05-18T02:24:32+07:00,2026-05-18T02:40:32+07:00
2026-05-17 19:24:33,Dien_Bien_Phu_Q1,1283,0,200,200,200,200,0,0,2026-05-18T02:24:34+07:00,2026-05-18T02:27:54+07:00
2026-05-17 19:24:35,Vo_Thi_Sau_Q1,1413,0,263,263,263,263,0,0,2026-05-18T02:24:35+07:00,2026-05-18T02:28:58+07:00
2026-05-17 19:24:37,Nam_Ky_Khoi_Nghia_Q1,3887,0,801,801,801,801,0,0,2026-05-18T02:24:37+07:00,2026-05-18T02:37:58+07:00
2026-05-17 19:24:38,Nguyen_Hue_Q1,714,0,141,141,141,141,0,0,2026-05-18T02:24:39+07:00,2026-05-18T02:27:00+07:00
2026-05-17 19:24:40,Le_Loi_Q1,1374,0,326,326,326,326,0,0,2026-05-18T02:24:40+07:00,2026-05-18T02:30:06+07:00
2026-05-17 19:24:42,Le_Duan_Q1,1523,0,364,364,364,364,0,0,2026-05-18T02:24:42+07:00,2026-05-18T02:30:46+07:00
2026-05-17 19:24:43,Hai_Ba_Trung_Q1,3541,0,603,603,603,603,0,0,2026-05-18T02:24:44+07:00,2026-05-18T02:34:47+07:00
2026-05-17 19:24:45,Pasteur_Q1,3251,0,688,688,688,688,0,0,2026-05-18T02:24:45+07:00,2026-05-18T02:36:13+07:00
2026-05-17 19:24:47,Nguyen_Thai_Hoc_Q1,1963,269,376,376,456,456,80,1,2026-05-18T02:24:47+07:00,2026-05-18T02:32:23+07:00
2026-05-17 19:24:48,Nguyen_Dinh_Chieu_Q1,4172,0,762,762,762,762,0,0,2026-05-18T02:24:49+07:00,2026-05-18T02:37:31+07:00
2026-05-17 19:24:50,Ly_Tu_Trong_Q1,2987,0,516,516,516,516,0,0,2026-05-18T02:24:50+07:00,2026-05-18T02:33:26+07:00
2026-05-17 19:24:52,Le_Thanh_Ton_Q1,5239,0,669,669,669,669,0,0,2026-05-18T02:24:52+07:00,2026-05-18T02:36:01+07:00
2026-05-17 19:24:53,Bui_Thi_Xuan_Q1,822,0,132,132,132,132,0,0,2026-05-18T02:24:54+07:00,2026-05-18T02:27:06+07:00
2026-05-17 19:24:55,Nguyen_Trai_Q1,2030,0,325,325,325,325,0,0,2026-05-18T02:24:56+07:00,2026-05-18T02:30:21+07:00
2026-05-17 19:24:57,Ham_Nghi_Q1,1118,0,187,187,187,187,0,0,2026-05-18T02:24:57+07:00,2026-05-18T02:28:04+07:00
2026-05-17 19:24:58,Dinh_Tien_Hoang_Q1,1446,0,325,325,325,325,0,0,2026-05-18T02:24:59+07:00,2026-05-18T02:30:24+07:00
2026-05-17 19:25:00,Mac_Dinh_Chi_Q1,1306,0,257,257,257,257,0,0,2026-05-18T02:25:00+07:00,2026-05-18T02:29:17+07:00
2026-05-17 19:25:02,Phung_Khac_Khoan_Q1,1937,0,325,325,325,325,0,0,2026-05-18T02:25:02+07:00,2026-05-18T02:30:27+07:00
2026-05-17 19:25:03,Nguyen_Binh_Khiem_Q1,1697,0,297,297,297,297,0,0,2026-05-18T02:25:04+07:00,2026-05-18T02:30:01+07:00
2026-05-17 19:25:05,Cong_Quynh_Q1,976,0,162,162,162,162,0,0,2026-05-18T02:25:06+07:00,2026-05-18T02:27:48+07:00
2026-05-17 19:25:07,Cach_Mang_Thang_Tam_Q1,2424,0,512,514,514,514,0,0,2026-05-18T02:25:07+07:00,2026-05-18T02:33:41+07:00
2026-05-17 19:25:08,Dong_Khoi_Q1,1457,0,300,300,300,300,0,0,2026-05-18T02:25:09+07:00,2026-05-18T02:30:09+07:00
2026-05-17 19:25:47,Trung_Tam_Q1_di_Q7,7956,0,978,978,951,951,0,0,2026-05-18T02:25:47+07:00,2026-05-18T02:41:38+07:00
2026-05-17 19:25:49,San_Bay_Tân_Sơn_Nhất_di_Q1,7293,0,1088,1088,1088,1088,0,0,2026-05-18T02:25:49+07:00,2026-05-18T02:43:57+07:00
2026-05-17 19:25:50,Cầu_Sài_Gòn_di_Ngã_Tư_Hàng_Xanh,5553,0,576,576,576,576,0,0,2026-05-18T02:25:51+07:00,2026-05-18T02:35:27+07:00
2026-05-17 19:25:52,Vo_Van_Kiet_Q1,5812,0,749,749,749,749,0,0,2026-05-18T02:25:52+07:00,2026-05-18T02:38:21+07:00
2026-05-17 19:25:54,Tran_Hung_Dao_Q1,2394,0,374,374,374,374,0,0,2026-05-18T02:25:54+07:00,2026-05-18T02:32:08+07:00
2026-05-17 19:25:55,Ton_Duc_Thang_Q1,2461,0,345,345,345,345,0,0,2026-05-18T02:25:56+07:00,2026-05-18T02:31:41+07:00
2026-05-17 19:25:57,Nguyen_Thi_Minh_Khai_Q1,5695,0,960,960,960,960,0,0,2026-05-18T02:25:57+07:00,2026-05-18T02:41:57+07:00
2026-05-17 19:25:59,Dien_Bien_Phu_Q1,1283,0,200,200,200,200,0,0,2026-05-18T02:25:59+07:00,2026-05-18T02:29:19+07:00
2026-05-17 19:26:00,Vo_Thi_Sau_Q1,1413,0,263,263,263,263,0,0,2026-05-18T02:26:01+07:00,2026-05-18T02:30:24+07:00
2026-05-17 19:26:02,Nam_Ky_Khoi_Nghia_Q1,3887,0,801,801,801,801,0,0,2026-05-18T02:26:02+07:00,2026-05-18T02:39:23+07:00
2026-05-17 19:26:04,Nguyen_Hue_Q1,714,0,141,141,141,141,0,0,2026-05-18T02:26:04+07:00,2026-05-18T02:28:25+07:00
2026-05-17 19:26:05,Le_Loi_Q1,1374,0,326,326,326,326,0,0,2026-05-18T02:26:06+07:00,2026-05-18T02:31:32+07:00
2026-05-17 19:26:07,Le_Duan_Q1,1523,0,364,364,364,364,0,0,2026-05-18T02:26:07+07:00,2026-05-18T02:32:11+07:00
2026-05-17 19:26:09,Hai_Ba_Trung_Q1,3541,0,603,603,603,603,0,0,2026-05-18T02:26:09+07:00,2026-05-18T02:36:12+07:00
2026-05-17 19:26:10,Pasteur_Q1,3251,0,688,688,688,688,0,0,2026-05-18T02:26:11+07:00,2026-05-18T02:37:39+07:00
2026-05-17 19:26:12,Nguyen_Thai_Hoc_Q1,2806,0,539,539,539,539,0,0,2026-05-18T02:26:12+07:00,2026-05-18T02:35:11+07:00
2026-05-17 19:26:14,Nguyen_Dinh_Chieu_Q1,4172,0,762,762,762,762,0,0,2026-05-18T02:26:14+07:00,2026-05-18T02:38:56+07:00
2026-05-17 19:26:15,Ly_Tu_Trong_Q1,2987,0,516,516,516,516,0,0,2026-05-18T02:26:16+07:00,2026-05-18T02:34:52+07:00
2026-05-17 19:26:17,Le_Thanh_Ton_Q1,5239,0,669,669,669,669,0,0,2026-05-18T02:26:18+07:00,2026-05-18T02:37:27+07:00
2026-05-17 19:26:19,Bui_Thi_Xuan_Q1,822,0,132,132,132,132,0,0,2026-05-18T02:26:19+07:00,2026-05-18T02:28:31+07:00
2026-05-17 19:26:21,Nguyen_Trai_Q1,2030,0,325,325,325,325,0,0,2026-05-18T02:26:21+07:00,2026-05-18T02:31:46+07:00
2026-05-17 19:26:22,Ham_Nghi_Q1,1118,0,187,187,187,187,0,0,2026-05-18T02:26:23+07:00,2026-05-18T02:29:30+07:00
2026-05-17 19:26:24,Dinh_Tien_Hoang_Q1,1446,0,325,325,325,325,0,0,2026-05-18T02:26:24+07:00,2026-05-18T02:31:49+07:00
2026-05-17 19:26:26,Mac_Dinh_Chi_Q1,1306,0,257,257,257,257,0,0,2026-05-18T02:26:26+07:00,2026-05-18T02:30:43+07:00
2026-05-17 19:26:27,Phung_Khac_Khoan_Q1,1937,0,325,325,325,325,0,0,2026-05-18T02:26:28+07:00,2026-05-18T02:31:53+07:00
2026-05-17 19:26:29,Nguyen_Binh_Khiem_Q1,1697,0,297,297,297,297,0,0,2026-05-18T02:26:29+07:00,2026-05-18T02:31:26+07:00
2026-05-17 19:26:31,Cong_Quynh_Q1,976,0,162,162,162,162,0,0,2026-05-18T02:26:31+07:00,2026-05-18T02:29:13+07:00
2026-05-17 19:26:32,Cach_Mang_Thang_Tam_Q1,2424,0,512,514,514,514,0,0,2026-05-18T02:26:33+07:00,2026-05-18T02:35:07+07:00
2026-05-17 19:26:34,Dong_Khoi_Q1,1457,0,300,300,300,300,0,0,2026-05-18T02:26:34+07:00,2026-05-18T02:31:34+07:00
2026-05-18 13:28:59,Trung_Tam_Q1_di_Q7,7967,1375,1002,1131,1367,1367,298,1,2026-05-18T20:28:59+07:00,2026-05-18T20:51:46+07:00
2026-05-18 13:29:00,San_Bay_Tân_Sơn_Nhất_di_Q1,7297,0,1092,1275,1275,1275,0,0,2026-05-18T20:29:01+07:00,2026-05-18T20:50:16+07:00
2026-05-18 13:29:02,Cầu_Sài_Gòn_di_Ngã_Tư_Hàng_Xanh,5553,0,576,618,618,618,0,0,2026-05-18T20:29:02+07:00,2026-05-18T20:39:20+07:00
2026-05-18 13:29:04,Vo_Van_Kiet_Q1,5738,0,766,816,816,816,0,0,2026-05-18T20:29:04+07:00,2026-05-18T20:42:40+07:00
2026-05-18 13:29:05,Tran_Hung_Dao_Q1,2394,0,374,440,440,440,0,0,2026-05-18T20:29:05+07:00,2026-05-18T20:36:25+07:00
2026-05-18 13:29:07,Ton_Duc_Thang_Q1,2461,0,345,373,373,373,0,0,2026-05-18T20:29:07+07:00,2026-05-18T20:35:20+07:00
2026-05-18 13:29:08,Nguyen_Thi_Minh_Khai_Q1,5682,0,962,1113,1113,1113,0,0,2026-05-18T20:29:09+07:00,2026-05-18T20:47:42+07:00
2026-05-18 13:29:10,Dien_Bien_Phu_Q1,1283,0,200,227,227,227,0,0,2026-05-18T20:29:10+07:00,2026-05-18T20:32:57+07:00
2026-05-18 13:29:12,Vo_Thi_Sau_Q1,1413,0,263,342,342,342,0,0,2026-05-18T20:29:12+07:00,2026-05-18T20:34:54+07:00
2026-05-18 13:29:13,Nam_Ky_Khoi_Nghia_Q1,3930,0,839,963,963,963,0,0,2026-05-18T20:29:13+07:00,2026-05-18T20:45:16+07:00
2026-05-18 13:29:15,Nguyen_Hue_Q1,714,0,141,162,162,162,0,0,2026-05-18T20:29:15+07:00,2026-05-18T20:31:57+07:00
2026-05-18 13:29:16,Le_Loi_Q1,1374,0,326,389,389,389,0,0,2026-05-18T20:29:17+07:00,2026-05-18T20:35:46+07:00
2026-05-18 13:29:18,Le_Duan_Q1,1523,0,364,392,392,392,0,0,2026-05-18T20:29:18+07:00,2026-05-18T20:35:50+07:00
2026-05-18 13:29:20,Hai_Ba_Trung_Q1,3541,0,603,710,710,710,0,0,2026-05-18T20:29:20+07:00,2026-05-18T20:41:10+07:00
2026-05-18 13:29:21,Pasteur_Q1,3251,0,688,813,813,813,0,0,2026-05-18T20:29:22+07:00,2026-05-18T20:42:55+07:00
2026-05-18 13:29:23,Nguyen_Thai_Hoc_Q1,1963,60,376,425,434,434,20,1,2026-05-18T20:29:23+07:00,2026-05-18T20:36:37+07:00
2026-05-18 13:29:25,Nguyen_Dinh_Chieu_Q1,4172,0,762,883,883,883,0,0,2026-05-18T20:29:25+07:00,2026-05-18T20:44:08+07:00
2026-05-18 13:29:26,Ly_Tu_Trong_Q1,2987,0,516,611,611,611,0,0,2026-05-18T20:29:27+07:00,2026-05-18T20:39:38+07:00
2026-05-18 13:29:28,Le_Thanh_Ton_Q1,5239,0,669,723,723,723,0,0,2026-05-18T20:29:28+07:00,2026-05-18T20:41:31+07:00
2026-05-18 13:29:30,Bui_Thi_Xuan_Q1,822,0,132,171,171,171,0,0,2026-05-18T20:29:31+07:00,2026-05-18T20:32:22+07:00
2026-05-18 13:29:32,Nguyen_Trai_Q1,2100,0,346,413,413,413,0,0,2026-05-18T20:29:32+07:00,2026-05-18T20:36:25+07:00
2026-05-18 13:29:34,Ham_Nghi_Q1,1118,0,187,226,226,226,0,0,2026-05-18T20:29:34+07:00,2026-05-18T20:33:20+07:00
2026-05-18 13:29:35,Dinh_Tien_Hoang_Q1,1446,0,325,383,383,383,0,0,2026-05-18T20:29:35+07:00,2026-05-18T20:35:58+07:00
2026-05-18 13:29:37,Mac_Dinh_Chi_Q1,1306,0,257,299,299,299,0,0,2026-05-18T20:29:37+07:00,2026-05-18T20:34:36+07:00
2026-05-18 13:29:38,Phung_Khac_Khoan_Q1,1937,0,325,387,387,387,0,0,2026-05-18T20:29:39+07:00,2026-05-18T20:36:06+07:00
2026-05-18 13:29:40,Nguyen_Binh_Khiem_Q1,1693,0,317,353,353,353,0,0,2026-05-18T20:29:40+07:00,2026-05-18T20:35:33+07:00
2026-05-18 13:29:42,Cong_Quynh_Q1,976,0,162,190,190,190,0,0,2026-05-18T20:29:42+07:00,2026-05-18T20:32:52+07:00
2026-05-18 13:29:43,Cach_Mang_Thang_Tam_Q1,2424,0,512,589,589,589,0,0,2026-05-18T20:29:43+07:00,2026-05-18T20:39:32+07:00
2026-05-18 13:29:45,Dong_Khoi_Q1,1457,0,300,343,343,343,0,0,2026-05-18T20:29:45+07:00,2026-05-18T20:35:28+07:00
